ticker,period,value,settlement_value,revised,revised_on,band,z,proof_day,bitcoin_height,proof_url
GIGS,2026-09-15,44180,44180,false,,,,2026-09-30,969313,https://tickerz.com/api/indices/proof?day=2026-09-30
GIGS,2026-09-16,42313,42313,false,,,,2026-09-30,969313,https://tickerz.com/api/indices/proof?day=2026-09-30
GIGS,2026-09-17,61095,61095,false,,,,2026-09-30,969313,https://tickerz.com/api/indices/proof?day=2026-09-30
GIGS,2026-09-18,60975,60975,false,,,,2026-09-30,969313,https://tickerz.com/api/indices/proof?day=2026-09-30
GIGS,2026-09-19,72413,72413,false,,,,2026-09-30,969313,https://tickerz.com/api/indices/proof?day=2026-09-30
GIGS,2026-09-20,79301,79301,false,,,,2026-09-30,969313,https://tickerz.com/api/indices/proof?day=2026-09-30
GIGS,2026-09-21,47299,47299,false,,,,2026-09-30,969313,https://tickerz.com/api/indices/proof?day=2026-09-30
GIGS,2026-09-22,85708,85708,false,,,,2026-09-30,969313,https://tickerz.com/api/indices/proof?day=2026-09-30
GIGS,2026-09-23,249635,249635,false,,,,2026-09-30,969313,https://tickerz.com/api/indices/proof?day=2026-09-30
GIGS,2026-09-24,64000,64000,false,,,,2026-09-30,969313,https://tickerz.com/api/indices/proof?day=2026-09-30
GIGS,2026-09-25,53654,53654,false,,,,2026-09-30,969313,https://tickerz.com/api/indices/proof?day=2026-09-30
GIGS,2026-09-26,71496,71496,false,,,,2026-09-30,969313,https://tickerz.com/api/indices/proof?day=2026-09-30
GIGS,2026-09-27,101516,101516,false,,,,2026-09-30,969313,https://tickerz.com/api/indices/proof?day=2026-09-30
GIGS,2026-09-28,71334,71334,false,,,,2026-09-30,969313,https://tickerz.com/api/indices/proof?day=2026-09-30
GIGS,2026-09-29,82718,82718,false,,Quiet,0.8,2026-09-30,969313,https://tickerz.com/api/indices/proof?day=2026-09-30
GIGS,2026-09-30,68033,68033,false,,Quiet,-0.2,2026-10-01,969451,https://tickerz.com/api/indices/proof?day=2026-10-01
GIGS,2026-10-01,53156,53156,false,,Quiet,-1,2026-10-02,969595,https://tickerz.com/api/indices/proof?day=2026-10-02
GIGS,2026-10-02,50535,50535,false,,Quiet,-0.8,2026-10-03,969734,https://tickerz.com/api/indices/proof?day=2026-10-03
GIGS,2026-10-03,79739,79739,false,,Quiet,0.7,2026-10-04,969845,https://tickerz.com/api/indices/proof?day=2026-10-04
GIGS,2026-10-04,109534,109534,false,,Quiet,1.9,2026-10-05,970022,https://tickerz.com/api/indices/proof?day=2026-10-05
GIGS,2026-10-05,53284,53284,false,,Quiet,-0.8,2026-10-06,970174,https://tickerz.com/api/indices/proof?day=2026-10-06
