made_at,ticker,period,model,p10,p50,p90,version
2026-10-07T12:35:30Z,LAYOFFS,2026-10-03,ensemble,136270,159165,177544,forecast-v1
2026-10-07T12:35:30Z,YESNO,2026-10-04,seasonal_naive7,6.83662e+08,7.97626e+08,1.01703e+09,forecast-v1
2026-10-07T12:35:30Z,TRENCHES,2026-10-07,ensemble,4.1314e+06,4.74582e+06,5.7977e+06,forecast-v1
2026-10-07T12:35:30Z,MINTS,2026-10-07,ensemble,48393.4,54017,63248.8,forecast-v1
2026-10-07T12:35:30Z,GIGS,2026-10-07,median7,47416.1,63885,95818.9,forecast-v1
2026-10-07T12:35:30Z,WAGE,2026-10-07,ets,0.00516014,0.00925177,0.0180321,forecast-v1
2026-10-07T12:35:30Z,JOBS,2026-10-01,ets,-115812,47211.4,163321,forecast-v1
2026-10-07T12:35:30Z,UNEMP,2026-10-01,naive,4.10093,4.2,4.30053,forecast-v1
2026-10-07T12:35:30Z,CPI,2026-09-01,ensemble,0.205427,0.371429,0.543512,forecast-v1
2026-10-07T12:35:30Z,CORECPI,2026-09-01,ensemble,0.174339,0.223815,0.329529,forecast-v1
2026-10-08T19:53:33Z,YESNO,2026-10-07,median7,5.11352e+08,5.89987e+08,7.28713e+08,forecast-v1
2026-10-08T19:53:33Z,TRENCHES,2026-10-08,ensemble,3.23902e+06,3.79866e+06,4.63634e+06,forecast-v1
2026-10-08T19:53:33Z,MINTS,2026-10-08,ensemble,50552.7,56402.9,65986.7,forecast-v1
2026-10-08T19:53:33Z,GIGS,2026-10-08,median7,47443,63885,95071.7,forecast-v1
2026-10-08T19:53:33Z,WAGE,2026-10-08,ets,0.00548588,0.00972658,0.0215755,forecast-v1
