day,ticker,model,recent_pinball_scaled,runner_up,runner_up_score,version
2026-10-07,LAYOFFS,ensemble,0.271,theta,0.2576,forecast-v1
2026-10-07,YESNO,seasonal_naive7,0.2648,ensemble,0.3209,forecast-v1
2026-10-07,TRENCHES,ensemble,0.4667,theta,0.464,forecast-v1
2026-10-07,MINTS,ensemble,0.3223,naive,0.3217,forecast-v1
2026-10-07,GIGS,median7,0.2655,mean7,0.3095,forecast-v1
2026-10-07,WAGE,ets,0.2779,mean7,0.2902,forecast-v1
2026-10-07,JOBS,ets,0.2191,mean7,0.2282,forecast-v1
2026-10-07,UNEMP,naive,0.2691,drift8,0.3031,forecast-v1
2026-10-07,CPI,ensemble,0.318,median7,0.3087,forecast-v1
2026-10-07,CORECPI,ensemble,0.2641,median7,0.2402,forecast-v1
2026-10-08,LAYOFFS,ensemble,0.2601,theta,0.2576,forecast-v1
2026-10-08,YESNO,median7,0.2803,seasonal_naive7,0.305,forecast-v1
2026-10-08,TRENCHES,ensemble,0.5341,ets,0.4985,forecast-v1
2026-10-08,MINTS,ensemble,0.3315,naive,0.3307,forecast-v1
2026-10-08,GIGS,median7,0.1389,mean7,0.1872,forecast-v1
2026-10-08,WAGE,ets,0.2945,mean7,0.3156,forecast-v1
2026-10-08,JOBS,ets,0.2191,mean7,0.2282,forecast-v1
2026-10-08,UNEMP,naive,0.2691,drift8,0.3031,forecast-v1
2026-10-08,CPI,ensemble,0.318,median7,0.3087,forecast-v1
2026-10-08,CORECPI,ensemble,0.2641,median7,0.2402,forecast-v1
2026-10-09,LAYOFFS,ensemble,0.2635,theta,0.2619,forecast-v1
2026-10-09,YESNO,median7,0.2487,naive,0.3006,forecast-v1
2026-10-09,TRENCHES,ensemble,0.5387,ets,0.5217,forecast-v1
2026-10-09,MINTS,ensemble,0.3456,naive,0.3449,forecast-v1
2026-10-09,GIGS,ensemble,0.1502,median7,0.1483,forecast-v1
2026-10-09,WAGE,ets,0.2626,mean7,0.2862,forecast-v1
2026-10-09,JOBS,ets,0.2191,mean7,0.2282,forecast-v1
2026-10-09,UNEMP,naive,0.2691,drift8,0.3031,forecast-v1
2026-10-09,CPI,ensemble,0.318,median7,0.3087,forecast-v1
2026-10-09,CORECPI,ensemble,0.2641,median7,0.2402,forecast-v1
2026-10-10,LAYOFFS,ensemble,0.2728,theta,0.2619,forecast-v1
2026-10-10,YESNO,ensemble,0.2258,median7,0.2506,forecast-v1
2026-10-10,TRENCHES,ensemble,0.5263,ets,0.5128,forecast-v1
2026-10-10,MINTS,ensemble,0.3816,ets,0.3761,forecast-v1
2026-10-10,GIGS,ensemble,0.1454,median7,0.1434,forecast-v1
2026-10-10,WAGE,ets,0.2721,mean7,0.2975,forecast-v1
2026-10-10,JOBS,ets,0.2191,mean7,0.2282,forecast-v1
2026-10-10,UNEMP,naive,0.2691,drift8,0.3031,forecast-v1
2026-10-10,CPI,ensemble,0.318,median7,0.3087,forecast-v1
2026-10-10,CORECPI,ensemble,0.2641,median7,0.2402,forecast-v1
